G,TEAM,Date,Start (ET),,,,Opponent,game_result,,Tm,Opp,W,L,Streak,Notes
1,Boston Celtics,"Wed, Oct 25, 2023",7:00p,,Box Score,@,New York Knicks,W,,108,104,1,0,W 1,
2,Boston Celtics,"Fri, Oct 27, 2023",7:30p,,Box Score,,Miami Heat,W,,119,111,2,0,W 2,
3,Boston Celtics,"Mon, Oct 30, 2023",7:00p,,Box Score,@,Washington Wizards,W,,126,107,3,0,W 3,
4,Boston Celtics,"Wed, Nov 1, 2023",7:30p,,Box Score,,Indiana Pacers,W,,155,104,4,0,W 4,
5,Boston Celtics,"Sat, Nov 4, 2023",8:00p,,Box Score,@,Brooklyn Nets,W,,124,114,5,0,W 5,
6,Boston Celtics,"Mon, Nov 6, 2023",8:00p,,Box Score,@,Minnesota Timberwolves,L,OT,109,114,5,1,L 1,
7,Boston Celtics,"Wed, Nov 8, 2023",7:00p,,Box Score,@,Philadelphia 76ers,L,,103,106,5,2,L 2,
8,Boston Celtics,"Fri, Nov 10, 2023",7:30p,,Box Score,,Brooklyn Nets,W,,121,107,6,2,W 1,In-Season Tournament
9,Boston Celtics,"Sat, Nov 11, 2023",7:00p,,Box Score,,Toronto Raptors,W,,117,94,7,2,W 2,
10,Boston Celtics,"Mon, Nov 13, 2023",7:30p,,Box Score,,New York Knicks,W,,114,98,8,2,W 3,
11,Boston Celtics,"Wed, Nov 15, 2023",7:30p,,Box Score,@,Philadelphia 76ers,W,,117,107,9,2,W 4,
12,Boston Celtics,"Fri, Nov 17, 2023",7:30p,,Box Score,@,Toronto Raptors,W,,108,105,10,2,W 5,In-Season Tournament
13,Boston Celtics,"Sun, Nov 19, 2023",8:00p,,Box Score,@,Memphis Grizzlies,W,,102,100,11,2,W 6,
14,Boston Celtics,"Mon, Nov 20, 2023",7:00p,,Box Score,@,Charlotte Hornets,L,OT,118,121,11,3,L 1,
15,Boston Celtics,"Wed, Nov 22, 2023",7:30p,,Box Score,,Milwaukee Bucks,W,,119,116,12,3,W 1,
16,Boston Celtics,"Fri, Nov 24, 2023",2:30p,,Box Score,@,Orlando Magic,L,,96,113,12,4,L 1,In-Season Tournament
17,Boston Celtics,"Sun, Nov 26, 2023",6:00p,,Box Score,,Atlanta Hawks,W,,113,103,13,4,W 1,
18,Boston Celtics,"Tue, Nov 28, 2023",7:30p,,Box Score,,Chicago Bulls,W,,124,97,14,4,W 2,In-Season Tournament
19,Boston Celtics,"Fri, Dec 1, 2023",7:30p,,Box Score,,Philadelphia 76ers,W,,125,119,15,4,W 3,
20,Boston Celtics,"Mon, Dec 4, 2023",7:30p,,Box Score,@,Indiana Pacers,L,,112,122,15,5,L 1,In-Season Tournament
21,Boston Celtics,"Fri, Dec 8, 2023",7:30p,,Box Score,,New York Knicks,W,,133,123,16,5,W 1,
22,Boston Celtics,"Tue, Dec 12, 2023",7:30p,,Box Score,,Cleveland Cavaliers,W,,120,113,17,5,W 2,
23,Boston Celtics,"Thu, Dec 14, 2023",7:30p,,Box Score,,Cleveland Cavaliers,W,,116,107,18,5,W 3,
24,Boston Celtics,"Fri, Dec 15, 2023",7:30p,,Box Score,,Orlando Magic,W,,128,111,19,5,W 4,
25,Boston Celtics,"Sun, Dec 17, 2023",3:00p,,Box Score,,Orlando Magic,W,,114,97,20,5,W 5,
26,Boston Celtics,"Tue, Dec 19, 2023",10:00p,,Box Score,@,Golden State Warriors,L,OT,126,132,20,6,L 1,
27,Boston Celtics,"Wed, Dec 20, 2023",10:00p,,Box Score,@,Sacramento Kings,W,,144,119,21,6,W 1,
28,Boston Celtics,"Sat, Dec 23, 2023",3:30p,,Box Score,@,Los Angeles Clippers,W,,145,108,22,6,W 2,
29,Boston Celtics,"Mon, Dec 25, 2023",5:00p,,Box Score,@,Los Angeles Lakers,W,,126,115,23,6,W 3,
30,Boston Celtics,"Thu, Dec 28, 2023",7:30p,,Box Score,,Detroit Pistons,W,OT,128,122,24,6,W 4,
31,Boston Celtics,"Fri, Dec 29, 2023",7:30p,,Box Score,,Toronto Raptors,W,,120,118,25,6,W 5,
32,Boston Celtics,"Sun, Dec 31, 2023",7:00p,,Box Score,@,San Antonio Spurs,W,,134,101,26,6,W 6,
33,Boston Celtics,"Tue, Jan 2, 2024",8:00p,,Box Score,@,Oklahoma City Thunder,L,,123,127,26,7,L 1,
34,Boston Celtics,"Fri, Jan 5, 2024",7:00p,,Box Score,,Utah Jazz,W,,126,97,27,7,W 1,
35,Boston Celtics,"Sat, Jan 6, 2024",7:00p,,Box Score,@,Indiana Pacers,W,,118,101,28,7,W 2,
36,Boston Celtics,"Mon, Jan 8, 2024",7:00p,,Box Score,@,Indiana Pacers,L,,131,133,28,8,L 1,
37,Boston Celtics,"Wed, Jan 10, 2024",7:00p,,Box Score,,Minnesota Timberwolves,W,OT,127,120,29,8,W 1,
38,Boston Celtics,"Thu, Jan 11, 2024",7:30p,,Box Score,@,Milwaukee Bucks,L,,102,135,29,9,L 1,
39,Boston Celtics,"Sat, Jan 13, 2024",7:00p,,Box Score,,Houston Rockets,W,,145,113,30,9,W 1,
40,Boston Celtics,"Mon, Jan 15, 2024",7:30p,,Box Score,@,Toronto Raptors,W,,105,96,31,9,W 2,
41,Boston Celtics,"Wed, Jan 17, 2024",7:30p,,Box Score,,San Antonio Spurs,W,,117,98,32,9,W 3,
42,Boston Celtics,"Fri, Jan 19, 2024",7:30p,,Box Score,,Denver Nuggets,L,,100,102,32,10,L 1,
43,Boston Celtics,"Sun, Jan 21, 2024",7:00p,,Box Score,@,Houston Rockets,W,,116,107,33,10,W 1,
44,Boston Celtics,"Mon, Jan 22, 2024",8:30p,,Box Score,@,Dallas Mavericks,W,,119,110,34,10,W 2,
45,Boston Celtics,"Thu, Jan 25, 2024",7:30p,,Box Score,@,Miami Heat,W,,143,110,35,10,W 3,
46,Boston Celtics,"Sat, Jan 27, 2024",7:00p,,Box Score,,Los Angeles Clippers,L,,96,115,35,11,L 1,
47,Boston Celtics,"Mon, Jan 29, 2024",7:30p,,Box Score,,New Orleans Pelicans,W,,118,112,36,11,W 1,
48,Boston Celtics,"Tue, Jan 30, 2024",7:30p,,Box Score,,Indiana Pacers,W,,129,124,37,11,W 2,
49,Boston Celtics,"Thu, Feb 1, 2024",7:30p,,Box Score,,Los Angeles Lakers,L,,105,114,37,12,L 1,
50,Boston Celtics,"Sun, Feb 4, 2024",6:00p,,Box Score,,Memphis Grizzlies,W,,131,91,38,12,W 1,
51,Boston Celtics,"Wed, Feb 7, 2024",7:30p,,Box Score,,Atlanta Hawks,W,,125,117,39,12,W 2,
52,Boston Celtics,"Fri, Feb 9, 2024",7:30p,,Box Score,,Washington Wizards,W,,133,129,40,12,W 3,
53,Boston Celtics,"Sun, Feb 11, 2024",2:00p,,Box Score,@,Miami Heat,W,,110,106,41,12,W 4,
54,Boston Celtics,"Tue, Feb 13, 2024",7:30p,,Box Score,@,Brooklyn Nets,W,,118,110,42,12,W 5,
55,Boston Celtics,"Wed, Feb 14, 2024",7:30p,,Box Score,,Brooklyn Nets,W,,136,86,43,12,W 6,
56,Boston Celtics,"Thu, Feb 22, 2024",8:00p,,Box Score,@,Chicago Bulls,W,,129,112,44,12,W 7,
57,Boston Celtics,"Sat, Feb 24, 2024",8:30p,,Box Score,@,New York Knicks,W,,116,102,45,12,W 8,
58,Boston Celtics,"Tue, Feb 27, 2024",7:30p,,Box Score,,Philadelphia 76ers,W,,117,99,46,12,W 9,
59,Boston Celtics,"Fri, Mar 1, 2024",7:30p,,Box Score,,Dallas Mavericks,W,,138,110,47,12,W 10,
60,Boston Celtics,"Sun, Mar 3, 2024",3:30p,,Box Score,,Golden State Warriors,W,,140,88,48,12,W 11,
61,Boston Celtics,"Tue, Mar 5, 2024",7:30p,,Box Score,@,Cleveland Cavaliers,L,,104,105,48,13,L 1,
62,Boston Celtics,"Thu, Mar 7, 2024",10:00p,,Box Score,@,Denver Nuggets,L,,109,115,48,14,L 2,
63,Boston Celtics,"Sat, Mar 9, 2024",8:30p,,Box Score,@,Phoenix Suns,W,,117,107,49,14,W 1,
64,Boston Celtics,"Mon, Mar 11, 2024",10:30p,,Box Score,@,Portland Trail Blazers,W,,121,99,50,14,W 2,
65,Boston Celtics,"Tue, Mar 12, 2024",9:00p,,Box Score,@,Utah Jazz,W,,123,107,51,14,W 3,
66,Boston Celtics,"Thu, Mar 14, 2024",7:30p,,Box Score,,Phoenix Suns,W,,127,112,52,14,W 4,
67,Boston Celtics,"Sun, Mar 17, 2024",6:00p,,Box Score,@,Washington Wizards,W,,130,104,53,14,W 5,
68,Boston Celtics,"Mon, Mar 18, 2024",7:30p,,Box Score,,Detroit Pistons,W,,119,94,54,14,W 6,
69,Boston Celtics,"Wed, Mar 20, 2024",7:30p,,Box Score,,Milwaukee Bucks,W,,122,119,55,14,W 7,
70,Boston Celtics,"Fri, Mar 22, 2024",7:00p,,Box Score,@,Detroit Pistons,W,,129,102,56,14,W 8,
71,Boston Celtics,"Sat, Mar 23, 2024",8:00p,,Box Score,@,Chicago Bulls,W,,124,113,57,14,W 9,
72,Boston Celtics,"Mon, Mar 25, 2024",7:30p,,Box Score,@,Atlanta Hawks,L,,118,120,57,15,L 1,
73,Boston Celtics,"Thu, Mar 28, 2024",7:30p,,Box Score,@,Atlanta Hawks,L,OT,122,123,57,16,L 2,
74,Boston Celtics,"Sat, Mar 30, 2024",5:00p,,Box Score,@,New Orleans Pelicans,W,,104,92,58,16,W 1,
75,Boston Celtics,"Mon, Apr 1, 2024",7:00p,,Box Score,@,Charlotte Hornets,W,,118,104,59,16,W 2,
76,Boston Celtics,"Wed, Apr 3, 2024",7:30p,,Box Score,,Oklahoma City Thunder,W,,135,100,60,16,W 3,
77,Boston Celtics,"Fri, Apr 5, 2024",7:30p,,Box Score,,Sacramento Kings,W,,101,100,61,16,W 4,
78,Boston Celtics,"Sun, Apr 7, 2024",6:00p,,Box Score,,Portland Trail Blazers,W,,124,107,62,16,W 5,
79,Boston Celtics,"Tue, Apr 9, 2024",7:30p,,Box Score,@,Milwaukee Bucks,L,,91,104,62,17,L 1,
80,Boston Celtics,"Thu, Apr 11, 2024",7:30p,,Box Score,,New York Knicks,L,,109,118,62,18,L 2,
81,Boston Celtics,"Fri, Apr 12, 2024",7:30p,,Box Score,,Charlotte Hornets,W,,131,98,63,18,W 1,
82,Boston Celtics,"Sun, Apr 14, 2024",1:00p,,Box Score,,Washington Wizards,W,,132,122,64,18,W 2,
1,New York Knicks,"Wed, Oct 25, 2023",7:00p,,Box Score,,Boston Celtics,L,,104,108,0,1,L 1,
2,New York Knicks,"Fri, Oct 27, 2023",7:30p,,Box Score,@,Atlanta Hawks,W,,126,120,1,1,W 1,
3,New York Knicks,"Sat, Oct 28, 2023",7:00p,,Box Score,@,New Orleans Pelicans,L,,87,96,1,2,L 1,
4,New York Knicks,"Tue, Oct 31, 2023",7:30p,,Box Score,@,Cleveland Cavaliers,W,,109,91,2,2,W 1,
5,New York Knicks,"Wed, Nov 1, 2023",7:30p,,Box Score,,Cleveland Cavaliers,L,,89,95,2,3,L 1,
6,New York Knicks,"Fri, Nov 3, 2023",7:30p,,Box Score,@,Milwaukee Bucks,L,,105,110,2,4,L 2,In-Season Tournament
7,New York Knicks,"Mon, Nov 6, 2023",7:30p,,Box Score,,Los Angeles Clippers,W,,111,97,3,4,W 1,
8,New York Knicks,"Wed, Nov 8, 2023",7:30p,,Box Score,,San Antonio Spurs,W,,126,105,4,4,W 2,
9,New York Knicks,"Sun, Nov 12, 2023",12:00p,,Box Score,,Charlotte Hornets,W,,129,107,5,4,W 3,
10,New York Knicks,"Mon, Nov 13, 2023",7:30p,,Box Score,@,Boston Celtics,L,,98,114,5,5,L 1,
11,New York Knicks,"Wed, Nov 15, 2023",7:30p,,Box Score,@,Atlanta Hawks,W,,116,114,6,5,W 1,
12,New York Knicks,"Fri, Nov 17, 2023",7:00p,,Box Score,@,Washington Wizards,W,,120,99,7,5,W 2,In-Season Tournament
13,New York Knicks,"Sat, Nov 18, 2023",6:00p,,Box Score,@,Charlotte Hornets,W,,122,108,8,5,W 3,
14,New York Knicks,"Mon, Nov 20, 2023",8:00p,,Box Score,@,Minnesota Timberwolves,L,,100,117,8,6,L 1,
15,New York Knicks,"Fri, Nov 24, 2023",7:30p,,Box Score,,Miami Heat,W,,100,98,9,6,W 1,In-Season Tournament
16,New York Knicks,"Sun, Nov 26, 2023",6:00p,,Box Score,,Phoenix Suns,L,,113,116,9,7,L 1,
17,New York Knicks,"Tue, Nov 28, 2023",7:30p,,Box Score,,Charlotte Hornets,W,,115,91,10,7,W 1,In-Season Tournament
18,New York Knicks,"Thu, Nov 30, 2023",7:30p,,Box Score,,Detroit Pistons,W,,118,112,11,7,W 2,
19,New York Knicks,"Fri, Dec 1, 2023",7:30p,,Box Score,@,Toronto Raptors,W,,119,106,12,7,W 3,
20,New York Knicks,"Tue, Dec 5, 2023",7:30p,,Box Score,@,Milwaukee Bucks,L,,122,146,12,8,L 1,In-Season Tournament
21,New York Knicks,"Fri, Dec 8, 2023",7:30p,,Box Score,@,Boston Celtics,L,,123,133,12,9,L 2,
22,New York Knicks,"Mon, Dec 11, 2023",7:30p,,Box Score,,Toronto Raptors,W,,136,130,13,9,W 1,
23,New York Knicks,"Wed, Dec 13, 2023",9:00p,,Box Score,@,Utah Jazz,L,,113,117,13,10,L 1,
24,New York Knicks,"Fri, Dec 15, 2023",10:00p,,Box Score,@,Phoenix Suns,W,,139,122,14,10,W 1,
25,New York Knicks,"Sat, Dec 16, 2023",10:30p,,Box Score,@,Los Angeles Clippers,L,,122,144,14,11,L 1,
26,New York Knicks,"Mon, Dec 18, 2023",10:30p,,Box Score,@,Los Angeles Lakers,W,,114,109,15,11,W 1,
27,New York Knicks,"Wed, Dec 20, 2023",7:30p,,Box Score,@,Brooklyn Nets,W,,121,102,16,11,W 2,
28,New York Knicks,"Sat, Dec 23, 2023",12:30p,,Box Score,,Milwaukee Bucks,L,,111,130,16,12,L 1,
29,New York Knicks,"Mon, Dec 25, 2023",12:00p,,Box Score,,Milwaukee Bucks,W,,129,122,17,12,W 1,
30,New York Knicks,"Wed, Dec 27, 2023",8:00p,,Box Score,@,Oklahoma City Thunder,L,,120,129,17,13,L 1,
31,New York Knicks,"Fri, Dec 29, 2023",7:00p,,Box Score,@,Orlando Magic,L,,108,117,17,14,L 2,
32,New York Knicks,"Sat, Dec 30, 2023",7:00p,,Box Score,@,Indiana Pacers,L,,126,140,17,15,L 3,
33,New York Knicks,"Mon, Jan 1, 2024",3:00p,,Box Score,,Minnesota Timberwolves,W,,112,106,18,15,W 1,
34,New York Knicks,"Wed, Jan 3, 2024",8:30p,,Box Score,,Chicago Bulls,W,,116,100,19,15,W 2,
35,New York Knicks,"Fri, Jan 5, 2024",7:30p,,Box Score,@,Philadelphia 76ers,W,,128,92,20,15,W 3,
36,New York Knicks,"Sat, Jan 6, 2024",7:00p,,Box Score,@,Washington Wizards,W,,121,105,21,15,W 4,
37,New York Knicks,"Tue, Jan 9, 2024",7:30p,,Box Score,,Portland Trail Blazers,W,,112,84,22,15,W 5,
38,New York Knicks,"Thu, Jan 11, 2024",8:30p,,Box Score,@,Dallas Mavericks,L,,124,128,22,16,L 1,
39,New York Knicks,"Sat, Jan 13, 2024",8:00p,,Box Score,@,Memphis Grizzlies,W,,106,94,23,16,W 1,
40,New York Knicks,"Mon, Jan 15, 2024",3:00p,,Box Score,,Orlando Magic,L,,94,98,23,17,L 1,
41,New York Knicks,"Wed, Jan 17, 2024",7:30p,,Box Score,,Houston Rockets,W,,109,94,24,17,W 1,
42,New York Knicks,"Thu, Jan 18, 2024",7:30p,,Box Score,,Washington Wizards,W,,113,109,25,17,W 2,
43,New York Knicks,"Sat, Jan 20, 2024",7:30p,,Box Score,,Toronto Raptors,W,,126,100,26,17,W 3,
44,New York Knicks,"Tue, Jan 23, 2024",7:30p,,Box Score,@,Brooklyn Nets,W,,108,103,27,17,W 4,
45,New York Knicks,"Thu, Jan 25, 2024",7:30p,,Box Score,,Denver Nuggets,W,,122,84,28,17,W 5,
46,New York Knicks,"Sat, Jan 27, 2024",3:00p,,Box Score,,Miami Heat,W,,125,109,29,17,W 6,
47,New York Knicks,"Mon, Jan 29, 2024",7:00p,,Box Score,@,Charlotte Hornets,W,,113,92,30,17,W 7,
48,New York Knicks,"Tue, Jan 30, 2024",7:30p,,Box Score,,Utah Jazz,W,,118,103,31,17,W 8,
49,New York Knicks,"Thu, Feb 1, 2024",7:30p,,Box Score,,Indiana Pacers,W,,109,105,32,17,W 9,
50,New York Knicks,"Sat, Feb 3, 2024",8:30p,,Box Score,,Los Angeles Lakers,L,,105,113,32,18,L 1,
51,New York Knicks,"Tue, Feb 6, 2024",7:30p,,Box Score,,Memphis Grizzlies,W,,123,113,33,18,W 1,
52,New York Knicks,"Thu, Feb 8, 2024",7:30p,,Box Score,,Dallas Mavericks,L,,108,122,33,19,L 1,
53,New York Knicks,"Sat, Feb 10, 2024",7:30p,,Box Score,,Indiana Pacers,L,,111,125,33,20,L 2,
54,New York Knicks,"Mon, Feb 12, 2024",8:00p,,Box Score,@,Houston Rockets,L,,103,105,33,21,L 3,
55,New York Knicks,"Wed, Feb 14, 2024",7:00p,,Box Score,@,Orlando Magic,L,,100,118,33,22,L 4,
56,New York Knicks,"Thu, Feb 22, 2024",7:00p,,Box Score,@,Philadelphia 76ers,W,,110,96,34,22,W 1,
57,New York Knicks,"Sat, Feb 24, 2024",8:30p,,Box Score,,Boston Celtics,L,,102,116,34,23,L 1,
58,New York Knicks,"Mon, Feb 26, 2024",7:30p,,Box Score,,Detroit Pistons,W,,113,111,35,23,W 1,
59,New York Knicks,"Tue, Feb 27, 2024",7:30p,,Box Score,,New Orleans Pelicans,L,,92,115,35,24,L 1,
60,New York Knicks,"Thu, Feb 29, 2024",7:30p,,Box Score,,Golden State Warriors,L,,99,110,35,25,L 2,
61,New York Knicks,"Sun, Mar 3, 2024",7:00p,,Box Score,@,Cleveland Cavaliers,W,,107,98,36,25,W 1,
62,New York Knicks,"Tue, Mar 5, 2024",7:30p,,Box Score,,Atlanta Hawks,L,,100,116,36,26,L 1,
63,New York Knicks,"Fri, Mar 8, 2024",7:30p,,Box Score,,Orlando Magic,W,,98,74,37,26,W 1,
64,New York Knicks,"Sun, Mar 10, 2024",7:00p,,Box Score,,Philadelphia 76ers,L,,73,79,37,27,L 1,
65,New York Knicks,"Tue, Mar 12, 2024",7:30p,,Box Score,,Philadelphia 76ers,W,,106,79,38,27,W 1,
66,New York Knicks,"Thu, Mar 14, 2024",10:00p,,Box Score,@,Portland Trail Blazers,W,,105,93,39,27,W 2,
67,New York Knicks,"Sat, Mar 16, 2024",10:00p,,Box Score,@,Sacramento Kings,W,,98,91,40,27,W 3,
68,New York Knicks,"Mon, Mar 18, 2024",10:00p,,Box Score,@,Golden State Warriors,W,,119,112,41,27,W 4,
69,New York Knicks,"Thu, Mar 21, 2024",9:00p,,Box Score,@,Denver Nuggets,L,,100,113,41,28,L 1,
70,New York Knicks,"Sat, Mar 23, 2024",1:00p,,Box Score,,Brooklyn Nets,W,,105,93,42,28,W 1,
71,New York Knicks,"Mon, Mar 25, 2024",7:30p,,Box Score,,Detroit Pistons,W,,124,99,43,28,W 2,
72,New York Knicks,"Wed, Mar 27, 2024",7:30p,,Box Score,@,Toronto Raptors,W,,145,101,44,28,W 3,
73,New York Knicks,"Fri, Mar 29, 2024",8:00p,,Box Score,@,San Antonio Spurs,L,OT,126,130,44,29,L 1,
74,New York Knicks,"Sun, Mar 31, 2024",7:00p,,Box Score,,Oklahoma City Thunder,L,,112,113,44,30,L 2,
75,New York Knicks,"Tue, Apr 2, 2024",7:30p,,Box Score,@,Miami Heat,L,,99,109,44,31,L 3,
76,New York Knicks,"Thu, Apr 4, 2024",7:30p,,Box Score,,Sacramento Kings,W,,120,109,45,31,W 1,
77,New York Knicks,"Fri, Apr 5, 2024",8:00p,,Box Score,@,Chicago Bulls,L,,100,108,45,32,L 1,
78,New York Knicks,"Sun, Apr 7, 2024",7:00p,,Box Score,@,Milwaukee Bucks,W,,122,109,46,32,W 1,
79,New York Knicks,"Tue, Apr 9, 2024",8:00p,,Box Score,@,Chicago Bulls,W,,128,117,47,32,W 2,
80,New York Knicks,"Thu, Apr 11, 2024",7:30p,,Box Score,@,Boston Celtics,W,,118,109,48,32,W 3,
81,New York Knicks,"Fri, Apr 12, 2024",7:30p,,Box Score,,Brooklyn Nets,W,,111,107,49,32,W 4,
82,New York Knicks,"Sun, Apr 14, 2024",1:00p,,Box Score,,Chicago Bulls,W,OT,120,119,50,32,W 5,
1,Dallas Mavericks,"Wed, Oct 25, 2023",9:30p,,Box Score,@,San Antonio Spurs,W,,126,119,1,0,W 1,
2,Dallas Mavericks,"Fri, Oct 27, 2023",8:30p,,Box Score,,Brooklyn Nets,W,,125,120,2,0,W 2,
3,Dallas Mavericks,"Mon, Oct 30, 2023",8:00p,,Box Score,@,Memphis Grizzlies,W,,125,110,3,0,W 3,
4,Dallas Mavericks,"Wed, Nov 1, 2023",8:30p,,Box Score,,Chicago Bulls,W,,114,105,4,0,W 4,
5,Dallas Mavericks,"Fri, Nov 3, 2023",10:00p,,Box Score,@,Denver Nuggets,L,,114,125,4,1,L 1,In-Season Tournament
6,Dallas Mavericks,"Sun, Nov 5, 2023",7:30p,,Box Score,,Charlotte Hornets,W,,124,118,5,1,W 1,
7,Dallas Mavericks,"Mon, Nov 6, 2023",7:00p,,Box Score,@,Orlando Magic,W,,117,102,6,1,W 2,
8,Dallas Mavericks,"Wed, Nov 8, 2023",8:30p,,Box Score,,Toronto Raptors,L,,116,127,6,2,L 1,
9,Dallas Mavericks,"Fri, Nov 10, 2023",8:30p,,Box Score,,Los Angeles Clippers,W,,144,126,7,2,W 1,In-Season Tournament
10,Dallas Mavericks,"Sun, Nov 12, 2023",7:00p,,Box Score,@,New Orleans Pelicans,W,,136,124,8,2,W 2,
11,Dallas Mavericks,"Tue, Nov 14, 2023",8:00p,,Box Score,@,New Orleans Pelicans,L,,110,131,8,3,L 1,In-Season Tournament
12,Dallas Mavericks,"Wed, Nov 15, 2023",7:00p,,Box Score,@,Washington Wizards,W,,130,117,9,3,W 1,
13,Dallas Mavericks,"Sat, Nov 18, 2023",8:00p,,Box Score,@,Milwaukee Bucks,L,,125,132,9,4,L 1,
14,Dallas Mavericks,"Sun, Nov 19, 2023",7:30p,,Box Score,,Sacramento Kings,L,,113,129,9,5,L 2,
15,Dallas Mavericks,"Wed, Nov 22, 2023",10:30p,,Box Score,@,Los Angeles Lakers,W,,104,101,10,5,W 1,
16,Dallas Mavericks,"Sat, Nov 25, 2023",10:30p,,Box Score,@,Los Angeles Clippers,L,,88,107,10,6,L 1,
17,Dallas Mavericks,"Tue, Nov 28, 2023",8:30p,,Box Score,,Houston Rockets,W,,121,115,11,6,W 1,In-Season Tournament
18,Dallas Mavericks,"Fri, Dec 1, 2023",7:30p,,Box Score,,Memphis Grizzlies,L,,94,108,11,7,L 1,
19,Dallas Mavericks,"Sat, Dec 2, 2023",9:00p,,Box Score,,Oklahoma City Thunder,L,,120,126,11,8,L 2,
20,Dallas Mavericks,"Wed, Dec 6, 2023",8:30p,,Box Score,,Utah Jazz,W,,147,97,12,8,W 1,
21,Dallas Mavericks,"Fri, Dec 8, 2023",10:00p,,Box Score,@,Portland Trail Blazers,W,,125,112,13,8,W 2,
22,Dallas Mavericks,"Mon, Dec 11, 2023",8:00p,,Box Score,@,Memphis Grizzlies,W,,120,113,14,8,W 3,
23,Dallas Mavericks,"Tue, Dec 12, 2023",7:30p,,Box Score,,Los Angeles Lakers,W,,127,125,15,8,W 4,
24,Dallas Mavericks,"Thu, Dec 14, 2023",8:30p,,Box Score,,Minnesota Timberwolves,L,,101,119,15,9,L 1,
25,Dallas Mavericks,"Sat, Dec 16, 2023",9:00p,,Box Score,@,Portland Trail Blazers,W,,131,120,16,9,W 1,
26,Dallas Mavericks,"Mon, Dec 18, 2023",9:00p,,Box Score,@,Denver Nuggets,L,,104,130,16,10,L 1,
27,Dallas Mavericks,"Wed, Dec 20, 2023",8:30p,,Box Score,,Los Angeles Clippers,L,,111,120,16,11,L 2,
28,Dallas Mavericks,"Fri, Dec 22, 2023",8:00p,,Box Score,@,Houston Rockets,L,,96,122,16,12,L 3,
29,Dallas Mavericks,"Sat, Dec 23, 2023",8:30p,,Box Score,,San Antonio Spurs,W,,144,119,17,12,W 1,
30,Dallas Mavericks,"Mon, Dec 25, 2023",10:30p,,Box Score,@,Phoenix Suns,W,,128,114,18,12,W 2,
31,Dallas Mavericks,"Wed, Dec 27, 2023",8:30p,,Box Score,,Cleveland Cavaliers,L,,110,113,18,13,L 1,
32,Dallas Mavericks,"Thu, Dec 28, 2023",8:00p,,Box Score,@,Minnesota Timberwolves,L,,110,118,18,14,L 2,
33,Dallas Mavericks,"Sat, Dec 30, 2023",8:30p,,Box Score,@,Golden State Warriors,W,,132,122,19,14,W 1,
34,Dallas Mavericks,"Mon, Jan 1, 2024",9:00p,,Box Score,@,Utah Jazz,L,,90,127,19,15,L 1,
35,Dallas Mavericks,"Wed, Jan 3, 2024",8:30p,,Box Score,,Portland Trail Blazers,W,,126,97,20,15,W 1,
36,Dallas Mavericks,"Fri, Jan 5, 2024",8:30p,,Box Score,,Portland Trail Blazers,W,,139,103,21,15,W 2,
37,Dallas Mavericks,"Sun, Jan 7, 2024",7:30p,,Box Score,,Minnesota Timberwolves,W,,115,108,22,15,W 3,
38,Dallas Mavericks,"Tue, Jan 9, 2024",8:30p,,Box Score,,Memphis Grizzlies,L,,103,120,22,16,L 1,
39,Dallas Mavericks,"Thu, Jan 11, 2024",8:30p,,Box Score,,New York Knicks,W,,128,124,23,16,W 1,
40,Dallas Mavericks,"Sat, Jan 13, 2024",8:30p,,Box Score,,New Orleans Pelicans,L,,108,118,23,17,L 1,
41,Dallas Mavericks,"Mon, Jan 15, 2024",2:30p,,Box Score,,New Orleans Pelicans,W,,125,120,24,17,W 1,
42,Dallas Mavericks,"Wed, Jan 17, 2024",8:30p,,Box Score,@,Los Angeles Lakers,L,,110,127,24,18,L 1,
43,Dallas Mavericks,"Mon, Jan 22, 2024",8:30p,,Box Score,,Boston Celtics,L,,110,119,24,19,L 2,
44,Dallas Mavericks,"Wed, Jan 24, 2024",8:30p,,Box Score,,Phoenix Suns,L,,109,132,24,20,L 3,
45,Dallas Mavericks,"Fri, Jan 26, 2024",7:00p,,Box Score,@,Atlanta Hawks,W,,148,143,25,20,W 1,
46,Dallas Mavericks,"Sat, Jan 27, 2024",9:00p,,Box Score,,Sacramento Kings,L,,115,120,25,21,L 1,
47,Dallas Mavericks,"Mon, Jan 29, 2024",8:30p,,Box Score,,Orlando Magic,W,,131,129,26,21,W 1,
48,Dallas Mavericks,"Wed, Jan 31, 2024",8:00p,,Box Score,@,Minnesota Timberwolves,L,,87,121,26,22,L 1,
49,Dallas Mavericks,"Sat, Feb 3, 2024",8:30p,,Box Score,,Milwaukee Bucks,L,,117,129,26,23,L 2,
50,Dallas Mavericks,"Mon, Feb 5, 2024",7:00p,,Box Score,@,Philadelphia 76ers,W,,118,102,27,23,W 1,
51,Dallas Mavericks,"Tue, Feb 6, 2024",7:30p,,Box Score,@,Brooklyn Nets,W,,119,107,28,23,W 2,
52,Dallas Mavericks,"Thu, Feb 8, 2024",7:30p,,Box Score,@,New York Knicks,W,,122,108,29,23,W 3,
53,Dallas Mavericks,"Sat, Feb 10, 2024",3:00p,,Box Score,,Oklahoma City Thunder,W,,146,111,30,23,W 4,
54,Dallas Mavericks,"Mon, Feb 12, 2024",8:30p,,Box Score,,Washington Wizards,W,,112,104,31,23,W 5,
55,Dallas Mavericks,"Wed, Feb 14, 2024",8:30p,,Box Score,,San Antonio Spurs,W,,116,93,32,23,W 6,
56,Dallas Mavericks,"Thu, Feb 22, 2024",7:30p,,Box Score,,Phoenix Suns,W,,123,113,33,23,W 7,
57,Dallas Mavericks,"Sun, Feb 25, 2024",5:00p,,Box Score,@,Indiana Pacers,L,,111,133,33,24,L 1,
58,Dallas Mavericks,"Tue, Feb 27, 2024",7:00p,,Box Score,@,Cleveland Cavaliers,L,,119,121,33,25,L 2,
59,Dallas Mavericks,"Wed, Feb 28, 2024",7:30p,,Box Score,@,Toronto Raptors,W,,136,125,34,25,W 1,
60,Dallas Mavericks,"Fri, Mar 1, 2024",7:30p,,Box Score,@,Boston Celtics,L,,110,138,34,26,L 1,
61,Dallas Mavericks,"Sun, Mar 3, 2024",1:00p,,Box Score,,Philadelphia 76ers,L,,116,120,34,27,L 2,
62,Dallas Mavericks,"Tue, Mar 5, 2024",8:30p,,Box Score,,Indiana Pacers,L,,120,137,34,28,L 3,
63,Dallas Mavericks,"Thu, Mar 7, 2024",7:30p,,Box Score,,Miami Heat,W,,114,108,35,28,W 1,
64,Dallas Mavericks,"Sat, Mar 9, 2024",7:00p,,Box Score,@,Detroit Pistons,W,,142,124,36,28,W 2,
65,Dallas Mavericks,"Mon, Mar 11, 2024",8:00p,,Box Score,@,Chicago Bulls,W,,127,92,37,28,W 3,
66,Dallas Mavericks,"Wed, Mar 13, 2024",8:30p,,Box Score,,Golden State Warriors,W,,109,99,38,28,W 4,
67,Dallas Mavericks,"Thu, Mar 14, 2024",10:00p,,Box Score,@,Oklahoma City Thunder,L,,119,126,38,29,L 1,
68,Dallas Mavericks,"Sun, Mar 17, 2024",3:30p,,Box Score,,Denver Nuggets,W,,107,105,39,29,W 1,
69,Dallas Mavericks,"Tue, Mar 19, 2024",8:00p,,Box Score,@,San Antonio Spurs,W,,113,107,40,29,W 2,
70,Dallas Mavericks,"Thu, Mar 21, 2024",8:30p,,Box Score,,Utah Jazz,W,,113,97,41,29,W 3,
71,Dallas Mavericks,"Mon, Mar 25, 2024",9:00p,,Box Score,@,Utah Jazz,W,,115,105,42,29,W 4,
72,Dallas Mavericks,"Tue, Mar 26, 2024",10:00p,,Box Score,@,Sacramento Kings,W,,132,96,43,29,W 5,
73,Dallas Mavericks,"Fri, Mar 29, 2024",10:00p,,Box Score,@,Sacramento Kings,W,,107,103,44,29,W 6,
74,Dallas Mavericks,"Sun, Mar 31, 2024",7:00p,,Box Score,@,Houston Rockets,W,,125,107,45,29,W 7,
75,Dallas Mavericks,"Tue, Apr 2, 2024",10:00p,,Box Score,@,Golden State Warriors,L,,100,104,45,30,L 1,
76,Dallas Mavericks,"Thu, Apr 4, 2024",7:30p,,Box Score,,Atlanta Hawks,W,,109,95,46,30,W 1,
77,Dallas Mavericks,"Fri, Apr 5, 2024",8:30p,,Box Score,,Golden State Warriors,W,,108,106,47,30,W 2,
78,Dallas Mavericks,"Sun, Apr 7, 2024",3:30p,,Box Score,,Houston Rockets,W,OT,147,136,48,30,W 3,
79,Dallas Mavericks,"Tue, Apr 9, 2024",7:00p,,Box Score,@,Charlotte Hornets,W,,130,104,49,30,W 4,
80,Dallas Mavericks,"Wed, Apr 10, 2024",7:30p,,Box Score,@,Miami Heat,W,,111,92,50,30,W 5,
81,Dallas Mavericks,"Fri, Apr 12, 2024",8:30p,,Box Score,,Detroit Pistons,L,,89,107,50,31,L 1,
82,Dallas Mavericks,"Sun, Apr 14, 2024",3:30p,,Box Score,@,Oklahoma City Thunder,L,,86,135,50,32,L 2,
1,Denver Nuggets,"Tue, Oct 24, 2023",7:30p,,Box Score,,Los Angeles Lakers,W,,119,107,1,0,W 1,
2,Denver Nuggets,"Fri, Oct 27, 2023",7:00p,,Box Score,@,Memphis Grizzlies,W,,108,104,2,0,W 2,
3,Denver Nuggets,"Sun, Oct 29, 2023",3:30p,,Box Score,@,Oklahoma City Thunder,W,,128,95,3,0,W 3,
4,Denver Nuggets,"Mon, Oct 30, 2023",9:00p,,Box Score,,Utah Jazz,W,,110,102,4,0,W 4,
5,Denver Nuggets,"Wed, Nov 1, 2023",8:00p,,Box Score,@,Minnesota Timberwolves,L,,89,110,4,1,L 1,
6,Denver Nuggets,"Fri, Nov 3, 2023",10:00p,,Box Score,,Dallas Mavericks,W,,125,114,5,1,W 1,In-Season Tournament
7,Denver Nuggets,"Sat, Nov 4, 2023",9:00p,,Box Score,,Chicago Bulls,W,,123,101,6,1,W 2,
8,Denver Nuggets,"Mon, Nov 6, 2023",9:00p,,Box Score,,New Orleans Pelicans,W,,134,116,7,1,W 3,
9,Denver Nuggets,"Wed, Nov 8, 2023",10:00p,,Box Score,,Golden State Warriors,W,,108,105,8,1,W 4,
10,Denver Nuggets,"Sun, Nov 12, 2023",7:00p,,Box Score,@,Houston Rockets,L,,104,107,8,2,L 1,
11,Denver Nuggets,"Tue, Nov 14, 2023",10:00p,,Box Score,,Los Angeles Clippers,W,,111,108,9,2,W 1,In-Season Tournament
12,Denver Nuggets,"Fri, Nov 17, 2023",8:00p,,Box Score,@,New Orleans Pelicans,L,,110,115,9,3,L 1,In-Season Tournament
13,Denver Nuggets,"Sun, Nov 19, 2023",6:00p,,Box Score,@,Cleveland Cavaliers,L,,109,121,9,4,L 2,
14,Denver Nuggets,"Mon, Nov 20, 2023",7:00p,,Box Score,@,Detroit Pistons,W,,107,103,10,4,W 1,
15,Denver Nuggets,"Wed, Nov 22, 2023",7:00p,,Box Score,@,Orlando Magic,L,,119,124,10,5,L 1,
16,Denver Nuggets,"Fri, Nov 24, 2023",8:00p,,Box Score,@,Houston Rockets,L,,86,105,10,6,L 2,In-Season Tournament
17,Denver Nuggets,"Sun, Nov 26, 2023",8:00p,,Box Score,,San Antonio Spurs,W,,132,120,11,6,W 1,
18,Denver Nuggets,"Mon, Nov 27, 2023",10:30p,,Box Score,@,Los Angeles Clippers,W,,113,104,12,6,W 2,
19,Denver Nuggets,"Wed, Nov 29, 2023",9:00p,,Box Score,,Houston Rockets,W,,134,124,13,6,W 3,
20,Denver Nuggets,"Fri, Dec 1, 2023",10:00p,,Box Score,@,Phoenix Suns,W,,119,111,14,6,W 4,
21,Denver Nuggets,"Sat, Dec 2, 2023",10:00p,,Box Score,@,Sacramento Kings,L,,117,123,14,7,L 1,
22,Denver Nuggets,"Wed, Dec 6, 2023",10:00p,,Box Score,@,Los Angeles Clippers,L,,102,111,14,8,L 2,
23,Denver Nuggets,"Fri, Dec 8, 2023",9:00p,,Box Score,,Houston Rockets,L,,106,114,14,9,L 3,
24,Denver Nuggets,"Mon, Dec 11, 2023",7:30p,,Box Score,@,Atlanta Hawks,W,,129,122,15,9,W 1,
25,Denver Nuggets,"Tue, Dec 12, 2023",8:00p,,Box Score,@,Chicago Bulls,W,,114,106,16,9,W 2,
26,Denver Nuggets,"Thu, Dec 14, 2023",9:00p,,Box Score,,Brooklyn Nets,W,,124,101,17,9,W 3,
27,Denver Nuggets,"Sat, Dec 16, 2023",9:00p,,Box Score,,Oklahoma City Thunder,L,,117,118,17,10,L 1,
28,Denver Nuggets,"Mon, Dec 18, 2023",9:00p,,Box Score,,Dallas Mavericks,W,,130,104,18,10,W 1,
29,Denver Nuggets,"Wed, Dec 20, 2023",7:30p,,Box Score,@,Toronto Raptors,W,,113,104,19,10,W 2,
30,Denver Nuggets,"Fri, Dec 22, 2023",7:30p,,Box Score,@,Brooklyn Nets,W,,122,117,20,10,W 3,
31,Denver Nuggets,"Sat, Dec 23, 2023",7:00p,,Box Score,@,Charlotte Hornets,W,,102,95,21,10,W 4,
32,Denver Nuggets,"Mon, Dec 25, 2023",2:30p,,Box Score,,Golden State Warriors,W,,120,114,22,10,W 5,
33,Denver Nuggets,"Thu, Dec 28, 2023",9:00p,,Box Score,,Memphis Grizzlies,W,,142,105,23,10,W 6,
34,Denver Nuggets,"Fri, Dec 29, 2023",9:00p,,Box Score,,Oklahoma City Thunder,L,,93,119,23,11,L 1,
35,Denver Nuggets,"Mon, Jan 1, 2024",9:00p,,Box Score,,Charlotte Hornets,W,,111,93,24,11,W 1,
36,Denver Nuggets,"Thu, Jan 4, 2024",10:00p,,Box Score,@,Golden State Warriors,W,,130,127,25,11,W 2,
37,Denver Nuggets,"Fri, Jan 5, 2024",9:00p,,Box Score,,Orlando Magic,L,,120,122,25,12,L 1,
38,Denver Nuggets,"Sun, Jan 7, 2024",8:00p,,Box Score,,Detroit Pistons,W,,131,114,26,12,W 1,
39,Denver Nuggets,"Wed, Jan 10, 2024",10:00p,,Box Score,@,Utah Jazz,L,,111,124,26,13,L 1,
40,Denver Nuggets,"Fri, Jan 12, 2024",10:00p,,Box Score,,New Orleans Pelicans,W,,125,113,27,13,W 1,
41,Denver Nuggets,"Sun, Jan 14, 2024",3:30p,,Box Score,,Indiana Pacers,W,,117,109,28,13,W 2,
42,Denver Nuggets,"Tue, Jan 16, 2024",7:30p,,Box Score,@,Philadelphia 76ers,L,,121,126,28,14,L 1,
43,Denver Nuggets,"Fri, Jan 19, 2024",7:30p,,Box Score,@,Boston Celtics,W,,102,100,29,14,W 1,
44,Denver Nuggets,"Sun, Jan 21, 2024",6:00p,,Box Score,@,Washington Wizards,W,,113,104,30,14,W 2,
45,Denver Nuggets,"Tue, Jan 23, 2024",7:00p,,Box Score,@,Indiana Pacers,W,,114,109,31,14,W 3,
46,Denver Nuggets,"Thu, Jan 25, 2024",7:30p,,Box Score,@,New York Knicks,L,,84,122,31,15,L 1,
47,Denver Nuggets,"Sat, Jan 27, 2024",5:30p,,Box Score,,Philadelphia 76ers,W,,111,105,32,15,W 1,
48,Denver Nuggets,"Mon, Jan 29, 2024",9:00p,,Box Score,,Milwaukee Bucks,W,,113,107,33,15,W 2,
49,Denver Nuggets,"Wed, Jan 31, 2024",8:00p,,Box Score,@,Oklahoma City Thunder,L,,100,105,33,16,L 1,
50,Denver Nuggets,"Fri, Feb 2, 2024",9:00p,,Box Score,,Portland Trail Blazers,W,,120,108,34,16,W 1,
51,Denver Nuggets,"Sun, Feb 4, 2024",8:30p,,Box Score,,Portland Trail Blazers,W,,112,103,35,16,W 2,
52,Denver Nuggets,"Thu, Feb 8, 2024",10:00p,,Box Score,@,Los Angeles Lakers,W,,114,106,36,16,W 3,
53,Denver Nuggets,"Fri, Feb 9, 2024",10:00p,,Box Score,@,Sacramento Kings,L,,106,135,36,17,L 1,
54,Denver Nuggets,"Mon, Feb 12, 2024",8:00p,,Box Score,@,Milwaukee Bucks,L,,95,112,36,18,L 2,
55,Denver Nuggets,"Wed, Feb 14, 2024",9:00p,,Box Score,,Sacramento Kings,L,,98,102,36,19,L 3,
56,Denver Nuggets,"Thu, Feb 22, 2024",9:00p,,Box Score,,Washington Wizards,W,,130,110,37,19,W 1,
57,Denver Nuggets,"Fri, Feb 23, 2024",10:00p,,Box Score,@,Portland Trail Blazers,W,,127,112,38,19,W 2,
58,Denver Nuggets,"Sun, Feb 25, 2024",7:00p,,Box Score,@,Golden State Warriors,W,,119,103,39,19,W 3,
59,Denver Nuggets,"Wed, Feb 28, 2024",9:00p,,Box Score,,Sacramento Kings,W,,117,96,40,19,W 4,
60,Denver Nuggets,"Thu, Feb 29, 2024",10:00p,,Box Score,,Miami Heat,W,,103,97,41,19,W 5,
61,Denver Nuggets,"Sat, Mar 2, 2024",8:30p,,Box Score,@,Los Angeles Lakers,W,,124,114,42,19,W 6,
62,Denver Nuggets,"Tue, Mar 5, 2024",10:00p,,Box Score,,Phoenix Suns,L,OT,107,117,42,20,L 1,
63,Denver Nuggets,"Thu, Mar 7, 2024",10:00p,,Box Score,,Boston Celtics,W,,115,109,43,20,W 1,
64,Denver Nuggets,"Sat, Mar 9, 2024",9:00p,,Box Score,,Utah Jazz,W,,142,121,44,20,W 2,
65,Denver Nuggets,"Mon, Mar 11, 2024",9:00p,,Box Score,,Toronto Raptors,W,,125,119,45,20,W 3,
66,Denver Nuggets,"Wed, Mar 13, 2024",7:30p,,Box Score,@,Miami Heat,W,,100,88,46,20,W 4,
67,Denver Nuggets,"Fri, Mar 15, 2024",8:30p,,Box Score,@,San Antonio Spurs,W,,117,106,47,20,W 5,
68,Denver Nuggets,"Sun, Mar 17, 2024",3:30p,,Box Score,@,Dallas Mavericks,L,,105,107,47,21,L 1,
69,Denver Nuggets,"Tue, Mar 19, 2024",9:00p,,Box Score,@,Minnesota Timberwolves,W,,115,112,48,21,W 1,
70,Denver Nuggets,"Thu, Mar 21, 2024",9:00p,,Box Score,,New York Knicks,W,,113,100,49,21,W 2,
71,Denver Nuggets,"Sat, Mar 23, 2024",10:00p,,Box Score,@,Portland Trail Blazers,W,,114,111,50,21,W 3,
72,Denver Nuggets,"Mon, Mar 25, 2024",9:00p,,Box Score,,Memphis Grizzlies,W,,128,103,51,21,W 4,
73,Denver Nuggets,"Wed, Mar 27, 2024",10:00p,,Box Score,,Phoenix Suns,L,,97,104,51,22,L 1,
74,Denver Nuggets,"Fri, Mar 29, 2024",9:00p,,Box Score,,Minnesota Timberwolves,L,,98,111,51,23,L 2,
75,Denver Nuggets,"Sun, Mar 31, 2024",3:30p,,Box Score,,Cleveland Cavaliers,W,,130,101,52,23,W 1,
76,Denver Nuggets,"Tue, Apr 2, 2024",9:00p,,Box Score,,San Antonio Spurs,W,,110,105,53,23,W 2,
77,Denver Nuggets,"Thu, Apr 4, 2024",10:00p,,Box Score,@,Los Angeles Clippers,L,,100,102,53,24,L 1,
78,Denver Nuggets,"Sat, Apr 6, 2024",9:00p,,Box Score,,Atlanta Hawks,W,,142,110,54,24,W 1,
79,Denver Nuggets,"Tue, Apr 9, 2024",9:00p,,Box Score,@,Utah Jazz,W,,111,95,55,24,W 2,
80,Denver Nuggets,"Wed, Apr 10, 2024",10:00p,,Box Score,,Minnesota Timberwolves,W,,116,107,56,24,W 3,
81,Denver Nuggets,"Fri, Apr 12, 2024",8:00p,,Box Score,@,San Antonio Spurs,L,,120,121,56,25,L 1,
82,Denver Nuggets,"Sun, Apr 14, 2024",3:30p,,Box Score,@,Memphis Grizzlies,W,,126,111,57,25,W 1,
1,Minnesota Timberwolves,"Wed, Oct 25, 2023",7:30p,,Box Score,@,Toronto Raptors,L,,94,97,0,1,L 1,
2,Minnesota Timberwolves,"Sat, Oct 28, 2023",8:00p,,Box Score,,Miami Heat,W,,106,90,1,1,W 1,
3,Minnesota Timberwolves,"Mon, Oct 30, 2023",7:30p,,Box Score,@,Atlanta Hawks,L,,113,127,1,2,L 1,
4,Minnesota Timberwolves,"Wed, Nov 1, 2023",8:00p,,Box Score,,Denver Nuggets,W,,110,89,2,2,W 1,
5,Minnesota Timberwolves,"Sat, Nov 4, 2023",8:00p,,Box Score,,Utah Jazz,W,,123,95,3,2,W 2,
6,Minnesota Timberwolves,"Mon, Nov 6, 2023",8:00p,,Box Score,,Boston Celtics,W,OT,114,109,4,2,W 3,
7,Minnesota Timberwolves,"Wed, Nov 8, 2023",8:00p,,Box Score,,New Orleans Pelicans,W,,122,101,5,2,W 4,
8,Minnesota Timberwolves,"Fri, Nov 10, 2023",8:00p,,Box Score,@,San Antonio Spurs,W,,117,110,6,2,W 5,In-Season Tournament
9,Minnesota Timberwolves,"Sun, Nov 12, 2023",8:30p,,Box Score,@,Golden State Warriors,W,,116,110,7,2,W 6,
10,Minnesota Timberwolves,"Tue, Nov 14, 2023",10:00p,,Box Score,@,Golden State Warriors,W,,104,101,8,2,W 7,In-Season Tournament
11,Minnesota Timberwolves,"Wed, Nov 15, 2023",9:00p,,Box Score,@,Phoenix Suns,L,,115,133,8,3,L 1,
12,Minnesota Timberwolves,"Sat, Nov 18, 2023",7:00p,,Box Score,@,New Orleans Pelicans,W,,121,120,9,3,W 1,
13,Minnesota Timberwolves,"Mon, Nov 20, 2023",8:00p,,Box Score,,New York Knicks,W,,117,100,10,3,W 2,
14,Minnesota Timberwolves,"Wed, Nov 22, 2023",8:00p,,Box Score,,Philadelphia 76ers,W,,112,99,11,3,W 3,
15,Minnesota Timberwolves,"Fri, Nov 24, 2023",8:00p,,Box Score,,Sacramento Kings,L,,111,124,11,4,L 1,In-Season Tournament
16,Minnesota Timberwolves,"Sun, Nov 26, 2023",6:00p,,Box Score,@,Memphis Grizzlies,W,,119,97,12,4,W 1,
17,Minnesota Timberwolves,"Tue, Nov 28, 2023",8:00p,,Box Score,,Oklahoma City Thunder,W,,106,103,13,4,W 2,In-Season Tournament
18,Minnesota Timberwolves,"Thu, Nov 30, 2023",8:00p,,Box Score,,Utah Jazz,W,,101,90,14,4,W 3,
19,Minnesota Timberwolves,"Sat, Dec 2, 2023",5:00p,,Box Score,@,Charlotte Hornets,W,,123,117,15,4,W 4,
20,Minnesota Timberwolves,"Wed, Dec 6, 2023",7:30p,,Box Score,,San Antonio Spurs,W,,102,94,16,4,W 5,
21,Minnesota Timberwolves,"Fri, Dec 8, 2023",8:00p,,Box Score,@,Memphis Grizzlies,W,,127,103,17,4,W 6,
22,Minnesota Timberwolves,"Mon, Dec 11, 2023",8:00p,,Box Score,@,New Orleans Pelicans,L,,107,121,17,5,L 1,
23,Minnesota Timberwolves,"Thu, Dec 14, 2023",8:30p,,Box Score,@,Dallas Mavericks,W,,119,101,18,5,W 1,
24,Minnesota Timberwolves,"Sat, Dec 16, 2023",8:00p,,Box Score,,Indiana Pacers,W,,127,109,19,5,W 2,
25,Minnesota Timberwolves,"Mon, Dec 18, 2023",7:30p,,Box Score,@,Miami Heat,W,,112,108,20,5,W 3,
26,Minnesota Timberwolves,"Wed, Dec 20, 2023",7:00p,,Box Score,@,Philadelphia 76ers,L,,113,127,20,6,L 1,
27,Minnesota Timberwolves,"Thu, Dec 21, 2023",9:00p,,Box Score,,Los Angeles Lakers,W,,118,111,21,6,W 1,
28,Minnesota Timberwolves,"Sat, Dec 23, 2023",10:00p,,Box Score,@,Sacramento Kings,W,,110,98,22,6,W 2,
29,Minnesota Timberwolves,"Tue, Dec 26, 2023",8:00p,,Box Score,@,Oklahoma City Thunder,L,,106,129,22,7,L 1,
30,Minnesota Timberwolves,"Thu, Dec 28, 2023",8:00p,,Box Score,,Dallas Mavericks,W,,118,110,23,7,W 1,
31,Minnesota Timberwolves,"Sat, Dec 30, 2023",8:00p,,Box Score,,Los Angeles Lakers,W,,108,106,24,7,W 2,
32,Minnesota Timberwolves,"Mon, Jan 1, 2024",3:00p,,Box Score,@,New York Knicks,L,,106,112,24,8,L 1,
33,Minnesota Timberwolves,"Wed, Jan 3, 2024",8:00p,,Box Score,,New Orleans Pelicans,L,,106,117,24,9,L 2,
34,Minnesota Timberwolves,"Fri, Jan 5, 2024",8:00p,,Box Score,@,Houston Rockets,W,,122,95,25,9,W 1,
35,Minnesota Timberwolves,"Sun, Jan 7, 2024",7:30p,,Box Score,@,Dallas Mavericks,L,,108,115,25,10,L 1,
36,Minnesota Timberwolves,"Tue, Jan 9, 2024",7:00p,,Box Score,@,Orlando Magic,W,,113,92,26,10,W 1,
37,Minnesota Timberwolves,"Wed, Jan 10, 2024",7:00p,,Box Score,@,Boston Celtics,L,OT,120,127,26,11,L 1,
38,Minnesota Timberwolves,"Fri, Jan 12, 2024",8:00p,,Box Score,,Portland Trail Blazers,W,,116,93,27,11,W 1,
39,Minnesota Timberwolves,"Sun, Jan 14, 2024",7:00p,,Box Score,,Los Angeles Clippers,W,,109,105,28,11,W 2,
40,Minnesota Timberwolves,"Wed, Jan 17, 2024",7:00p,,Box Score,@,Detroit Pistons,W,,124,117,29,11,W 3,
41,Minnesota Timberwolves,"Thu, Jan 18, 2024",10:00p,,Box Score,,Memphis Grizzlies,W,,118,103,30,11,W 4,
42,Minnesota Timberwolves,"Sat, Jan 20, 2024",8:00p,,Box Score,,Oklahoma City Thunder,L,,97,102,30,12,L 1,
43,Minnesota Timberwolves,"Mon, Jan 22, 2024",8:00p,,Box Score,,Charlotte Hornets,L,,125,128,30,13,L 2,
44,Minnesota Timberwolves,"Wed, Jan 24, 2024",7:00p,,Box Score,@,Washington Wizards,W,,118,107,31,13,W 1,
45,Minnesota Timberwolves,"Thu, Jan 25, 2024",7:30p,,Box Score,@,Brooklyn Nets,W,,96,94,32,13,W 2,
46,Minnesota Timberwolves,"Sat, Jan 27, 2024",8:30p,,Box Score,@,San Antonio Spurs,L,,112,113,32,14,L 1,
47,Minnesota Timberwolves,"Mon, Jan 29, 2024",8:00p,,Box Score,@,Oklahoma City Thunder,W,,107,101,33,14,W 1,
48,Minnesota Timberwolves,"Wed, Jan 31, 2024",8:00p,,Box Score,,Dallas Mavericks,W,,121,87,34,14,W 2,
49,Minnesota Timberwolves,"Fri, Feb 2, 2024",8:00p,,Box Score,,Orlando Magic,L,,106,108,34,15,L 1,
50,Minnesota Timberwolves,"Sun, Feb 4, 2024",7:00p,,Box Score,,Houston Rockets,W,,111,90,35,15,W 1,
51,Minnesota Timberwolves,"Tue, Feb 6, 2024",8:00p,,Box Score,@,Chicago Bulls,L,OT,123,129,35,16,L 1,
52,Minnesota Timberwolves,"Thu, Feb 8, 2024",8:00p,,Box Score,@,Milwaukee Bucks,W,,129,105,36,16,W 1,
53,Minnesota Timberwolves,"Mon, Feb 12, 2024",10:30p,,Box Score,@,Los Angeles Clippers,W,,121,100,37,16,W 2,
54,Minnesota Timberwolves,"Tue, Feb 13, 2024",10:00p,,Box Score,@,Portland Trail Blazers,W,,121,109,38,16,W 3,
55,Minnesota Timberwolves,"Thu, Feb 15, 2024",10:00p,,Box Score,@,Portland Trail Blazers,W,,128,91,39,16,W 4,
56,Minnesota Timberwolves,"Fri, Feb 23, 2024",10:00p,,Box Score,,Milwaukee Bucks,L,,107,112,39,17,L 1,
57,Minnesota Timberwolves,"Sat, Feb 24, 2024",9:00p,,Box Score,,Brooklyn Nets,W,,101,86,40,17,W 1,
58,Minnesota Timberwolves,"Tue, Feb 27, 2024",8:00p,,Box Score,,San Antonio Spurs,W,,114,105,41,17,W 2,
59,Minnesota Timberwolves,"Wed, Feb 28, 2024",8:00p,,Box Score,,Memphis Grizzlies,W,,110,101,42,17,W 3,
60,Minnesota Timberwolves,"Fri, Mar 1, 2024",8:00p,,Box Score,,Sacramento Kings,L,OT,120,124,42,18,L 1,
61,Minnesota Timberwolves,"Sun, Mar 3, 2024",3:30p,,Box Score,,Los Angeles Clippers,L,,88,89,42,19,L 2,
62,Minnesota Timberwolves,"Mon, Mar 4, 2024",8:00p,,Box Score,,Portland Trail Blazers,W,,119,114,43,19,W 1,
63,Minnesota Timberwolves,"Thu, Mar 7, 2024",7:00p,,Box Score,@,Indiana Pacers,W,,113,111,44,19,W 2,
64,Minnesota Timberwolves,"Fri, Mar 8, 2024",7:30p,,Box Score,@,Cleveland Cavaliers,L,OT,104,113,44,20,L 1,
65,Minnesota Timberwolves,"Sun, Mar 10, 2024",9:30p,,Box Score,@,Los Angeles Lakers,L,,109,120,44,21,L 2,
66,Minnesota Timberwolves,"Tue, Mar 12, 2024",10:00p,,Box Score,@,Los Angeles Clippers,W,,118,100,45,21,W 1,
67,Minnesota Timberwolves,"Sat, Mar 16, 2024",9:30p,,Box Score,@,Utah Jazz,W,,119,100,46,21,W 2,
68,Minnesota Timberwolves,"Mon, Mar 18, 2024",9:00p,,Box Score,@,Utah Jazz,W,,114,104,47,21,W 3,
69,Minnesota Timberwolves,"Tue, Mar 19, 2024",9:00p,,Box Score,,Denver Nuggets,L,,112,115,47,22,L 1,
70,Minnesota Timberwolves,"Fri, Mar 22, 2024",8:00p,,Box Score,,Cleveland Cavaliers,W,,104,91,48,22,W 1,
71,Minnesota Timberwolves,"Sun, Mar 24, 2024",7:00p,,Box Score,,Golden State Warriors,W,,114,110,49,22,W 2,
72,Minnesota Timberwolves,"Wed, Mar 27, 2024",8:00p,,Box Score,,Detroit Pistons,W,,106,91,50,22,W 3,
73,Minnesota Timberwolves,"Fri, Mar 29, 2024",9:00p,,Box Score,@,Denver Nuggets,W,,111,98,51,22,W 4,
74,Minnesota Timberwolves,"Sun, Mar 31, 2024",7:00p,,Box Score,,Chicago Bulls,L,,101,109,51,23,L 1,
75,Minnesota Timberwolves,"Tue, Apr 2, 2024",8:00p,,Box Score,,Houston Rockets,W,,113,106,52,23,W 1,
76,Minnesota Timberwolves,"Wed, Apr 3, 2024",8:00p,,Box Score,,Toronto Raptors,W,,133,85,53,23,W 2,
77,Minnesota Timberwolves,"Fri, Apr 5, 2024",10:00p,,Box Score,@,Phoenix Suns,L,,87,97,53,24,L 1,
78,Minnesota Timberwolves,"Sun, Apr 7, 2024",10:00p,,Box Score,@,Los Angeles Lakers,W,,127,117,54,24,W 1,
79,Minnesota Timberwolves,"Tue, Apr 9, 2024",8:00p,,Box Score,,Washington Wizards,W,,130,121,55,24,W 2,
80,Minnesota Timberwolves,"Wed, Apr 10, 2024",10:00p,,Box Score,@,Denver Nuggets,L,,107,116,55,25,L 1,
81,Minnesota Timberwolves,"Fri, Apr 12, 2024",8:00p,,Box Score,,Atlanta Hawks,W,,109,106,56,25,W 1,
82,Minnesota Timberwolves,"Sun, Apr 14, 2024",3:30p,,Box Score,,Phoenix Suns,L,,106,125,56,26,L 1,
